input,response
hi,"Hello! How can I assist you today?"
hey,"Hey there! What can I do for you?"
hello,"Hi! How can I help you today?"
how are you,"Iâ€™m doing well, thank you! How about you?"
what's up,"Not much, just here to help. What can I do for you?"
how's it going,"Iâ€™m good, thanks for asking! How are you?"
what is your name,"Iâ€™m your friendly chatbot. ðŸ˜Š"
who are you,"Iâ€™m a virtual assistant here to help you with any questions or tasks."
can you help me,"Absolutely! What do you need help with?"
goodbye,"Goodbye! Have a great day!"
see you later,"See you later! Take care!"
talk to you later,"Looking forward to it! Have a good one!"
thank you,"Youâ€™re welcome! If you need anything else, just ask."
thanks,"No problem! Happy to help."
sorry,"No need to apologize. How can I assist you?"
what can you do,"I can help with a variety of tasks, including answering questions, providing information, and more. What do you need help with?"
help,"Sure! What do you need help with?"
give me information,"What kind of information are you looking for?"
tell me a joke,"Why donâ€™t scientists trust atoms? Because they make up everything!"
what time is it,"I donâ€™t have access to real-time data, but you can check your device for the current time."
whatâ€™s the weather,"I canâ€™t check the weather, but you can use a weather app or website for that."
where are you from,"Iâ€™m not from any particular placeâ€”I'm here to assist you from the digital realm!"
how old are you,"I donâ€™t have an age, but Iâ€™m here to help you regardless!"
whatâ€™s your purpose,"My purpose is to assist you with information and tasks. How can I help today?"
can you do calculations,"Yes, I can help with basic calculations. What do you need to calculate?"
can you set reminders,"Iâ€™m not able to set reminders, but you can use a calendar or reminder app for that."
what is your favorite color,"I donâ€™t have personal preferences, but I can help you with color-related questions!"
are you a robot,"Iâ€™m a chatbot, which is a type of artificial intelligence. How can I assist you?"
do you have feelings,"I donâ€™t have feelings, but Iâ€™m here to provide support and information!"
whatâ€™s the news,"I canâ€™t provide real-time news, but you can check news websites or apps for the latest updates."
can you translate,"Yes, I can help with translations between many languages. What do you need translated?"
